source,target,weight
GA,FL,1.0
NV,UT,1.0
SC,NC,1.0
TN,NC,1.0
ID,MT,0.5
IN,MI,0.5
MO,KS,0.5
NC,GA,0.5
OH,MI,0.5
AL,GA,0.3333333333333333
AR,MO,0.3333333333333333
KY,MO,0.3333333333333333
OK,MO,0.3333333333333333
SC,GA,0.3333333333333333
TN,GA,0.3333333333333333
TN,MO,0.3333333333333333
AL,FL,0.25
NV,AZ,0.25
NV,ID,0.25
OR,ID,0.25
OK,KS,0.2
